"ATC","Estimate","Class_Median","Non_Class_Median","P","N","Name","Panel","P.FDR","P.FDR_all"
"L01D",1462.99995224364,-0.0344285710627176,0.00146489757192891,4.82799233557045e-11,67,"cytotoxic antibiotics and related substances","Brain_Amygdala",6.32466995959729e-09,2.40337458464697e-08
"L01X",293.499967465226,-0.00622556480928264,0.0023995452903023,2.87807187487487e-06,864,"other antineoplastic agents","Brain_Amygdala",0.000188513707804304,0.000377027415608608
"D05A",928.000055313373,-0.0204532492007657,0.0012202310290866,0.00069769991578436,37,"antipsoriatics for topical use","Brain_Amygdala",0.0304662296559171,0.0299453887242143
"L01D",1297.99995431624,-0.0236024371353442,0.00438094082603208,4.56965205344429e-09,67,"cytotoxic antibiotics and related substances","Brain_Anterior_cingulate_cortex_BA24",5.98624419001202e-07,1.42173299512785e-06
"M01A",698.999922957102,-0.010422947518018,0.0042734525585447,0.000452720572987448,72,"antiinflammatory and antirheumatic products, non-steroids","Brain_Anterior_cingulate_cortex_BA24",0.0296531975306778,0.0220945393365835
"L01X",194.500014555118,0.00154812760051604,0.0046701643516039,0.00121260990275803,864,"other antineoplastic agents","Brain_Anterior_cingulate_cortex_BA24",0.052950632420434,0.0451179445580205
"L01D",1861.4999610693,-0.0289787893311981,0.00104958571672137,1.69056195353688e-18,67,"cytotoxic antibiotics and related substances","Brain_Caudate_basal_ganglia",2.21463615913331e-16,4.20780870235329e-15
"L01X",196.00004784593,4.39882940447815e-05,0.00101917243008714,0.0012145047349889,864,"other antineoplastic agents","Brain_Caudate_basal_ganglia",0.0795500601417729,0.0451179445580205
"C10A",917.999979200433,-0.0104216074450286,0.00122787191464441,1.04030130931104e-07,102,"lipid modifying agents, plain","Brain_Cerebellar_Hemisphere",1.36279471519746e-05,2.58930995887518e-05
"D05A",1141.99998248747,-0.0158034911461876,0.00102762019248471,4.46904728252674e-05,37,"antipsoriatics for topical use","Brain_Cerebellar_Hemisphere",0.00292722597005501,0.00338519206849359
"A11C",1140.99996522207,-0.014555474506127,0.00100123272644969,0.000709834445451444,25,"vitamin a and d, incl. combinations of the two","Brain_Cerebellar_Hemisphere",0.0309961041180464,0.0299453887242143
"D07A",652.499942169744,-0.00209408359987511,0.00593989471069884,2.76143238770426e-05,121,"corticosteroids, plain","Brain_Cerebellum",0.00361747642789258,0.00237007076310204
"R03B",837.999984424635,-0.0178369942212934,-0.00367690681307679,0.000645697705410222,45,"other drugs for obstructive airway diseases, inhalants","Brain_Cortex",0.064937866950562,0.0297618812734452
"D07A",488.499924536139,-0.0123010848899228,-0.00367690681307679,0.00129782151773759,121,"corticosteroids, plain","Brain_Cortex",0.064937866950562,0.0475040846713068
"L01D",1343.0000258666,-0.0182682120965303,-0.00105441263730208,1.21354345389615e-10,67,"cytotoxic antibiotics and related substances","Brain_Frontal_Cortex_BA9",1.58974192460396e-08,5.03418276124586e-08
"L02B",866.500031220307,-0.0138614160888504,-0.00112993715512298,1.88537507929683e-06,89,"hormone antagonists and related agents","Brain_Frontal_Cortex_BA9",0.000123492067693942,0.000276041092492342
"L01X",264.499952485409,-0.00521354478316643,-0.000668088382312299,2.18438629349731e-05,864,"other antineoplastic agents","Brain_Frontal_Cortex_BA9",0.000953848681493825,0.0020136805498203
"G03G",1401.99994594646,-0.0210264308837612,-0.00113739382988159,0.000194317509663673,19,"gonadotropins and other ovulation stimulants","Brain_Frontal_Cortex_BA9",0.00636389844148529,0.0115156257512591
"N05A",465.000031430013,-0.00738452900621075,-0.00112993715512298,0.00031369384086148,169,"antipsychotics","Brain_Frontal_Cortex_BA9",0.00821877863057078,0.0164815058683848
"L04A",521.000035876527,-0.00720076280651107,-0.00112993715512298,0.000391572907308865,134,"immunosuppressants","Brain_Frontal_Cortex_BA9",0.00854934180957688,0.0198903054345258
"J02A",710.499926506679,-0.0123200303743769,-0.00113153726775785,0.00120244750782969,60,"antimycotics for systemic use","Brain_Frontal_Cortex_BA9",0.0225029462179556,0.0451179445580205
"D07A",620.000010088994,-0.0104183356726029,-0.000957210190577797,7.78105878379381e-05,121,"corticosteroids, plain","Brain_Hippocampus",0.00963870872138312,0.00509659350338495
"L02B",703.999998593115,-0.0186780764110231,-0.00104762540097564,0.000147155858341727,89,"hormone antagonists and related agents","Brain_Hippocampus",0.00963870872138312,0.00939156234391176
"C05A",726.50000018741,-0.0124456784008579,-0.00107649038084764,0.000559887083688549,64,"agents for treatment of hemorrhoids and anal fissures for topical use","Brain_Hippocampus",0.0244484026544,0.0267992106019384
"R03B",811.500029211022,-0.0126194098343435,-0.00115192130397711,0.000803237150393985,45,"other drugs for obstructive airway diseases, inhalants","Brain_Hippocampus",0.026306016675403,0.0327747093005021
"G03C",1014.99999273077,-0.00965175153784575,0.00367214577444888,1.81603309465342e-05,54,"estrogens","Brain_Hypothalamus",0.00237900335399598,0.00180804254903694
"A11C",1349.00005199455,-0.0135821926796906,0.00366977221695552,7.24101330493353e-05,25,"vitamin a and d, incl. combinations of the two","Brain_Hypothalamus",0.00474286371473146,0.00500635614332765
"R01A",581.500053262256,-0.00764876189139958,0.0020207264162267,0.000708749657910907,94,"decongestants and other nasal preparations for topical use","Brain_Nucleus_accumbens_basal_ganglia",0.0928462051863288,0.0299453887242143
"S01A",713.500059420074,-0.0071472173828648,0.000507986100731239,0.000419913419151899,71,"antiinfectives","Brain_Putamen_basal_ganglia",0.0550086579088988,0.0209032900053815
"L01X",253.999993039113,-0.00307896798646487,0.0024377476271034,4.48820161752866e-05,864,"other antineoplastic agents","Brain_Spinal_cord_cervical_c-1",0.00587954411896255,0.00338519206849359
"L01B",503.999990692151,-0.00270757186998084,0.00196786970911845,0.000282907756844578,149,"antimetabolites","Brain_Spinal_cord_cervical_c-1",0.0133807601543457,0.0156479423730257
"C10A",603.499991324714,-0.0107978156315191,0.00202587469549528,0.000306429621855244,102,"lipid modifying agents, plain","Brain_Spinal_cord_cervical_c-1",0.0133807601543457,0.0164815058683848
"S01A",672.000035553694,-0.0100745182651127,0.00196786970911845,0.000727196924591018,71,"antiinfectives","Brain_Spinal_cord_cervical_c-1",0.0238156992803558,0.0301665524217841
"C10A",753.499974341398,-0.0215479729502679,-0.00131800621960392,1.17742275802735e-05,102,"lipid modifying agents, plain","Brain_Substantia_nigra",0.00154242381301583,0.0012741761933609
"R03B",1045.50001313041,-0.0321789626775537,-0.00161843857916638,2.95742562538773e-05,45,"other drugs for obstructive airway diseases, inhalants","Brain_Substantia_nigra",0.00193711378462896,0.00245367746053002
"D07A",620.499994459268,-0.0153045327786276,-0.0014823406662626,6.61369146165956e-05,121,"corticosteroids, plain","Brain_Substantia_nigra",0.0024751060926074,0.0047032794423059
"A11C",1325.4999623317,-0.03718143476069,-0.00161843857916638,7.55757585528977e-05,25,"vitamin a and d, incl. combinations of the two","Brain_Substantia_nigra",0.0024751060926074,0.00508400170373412
"R01A",613.000035841966,-0.0129733847506935,-0.00159821647788899,0.000317843423737432,94,"decongestants and other nasal preparations for topical use","Brain_Substantia_nigra",0.00832749770192072,0.0164815058683848
"D07A",814.499982492821,-0.00769101137151622,0.00294114087151992,2.21269529768801e-07,121,"corticosteroids, plain","CMC.BRAIN.RNASEQ",2.89863083997129e-05,5.00672599631405e-05
"R03B",1251.5000081128,-0.0127389609391964,0.0028178385056675,7.47311728647594e-07,45,"other drugs for obstructive airway diseases, inhalants","CMC.BRAIN.RNASEQ",4.89489182264174e-05,0.000132861349471704
"R01A",848.500035671937,-0.0047301004083551,0.0028761368877795,1.24826255861022e-06,94,"decongestants and other nasal preparations for topical use","CMC.BRAIN.RNASEQ",5.45074650593129e-05,0.000194182844273802
"S01B",796.499961226004,-0.00445667151821358,0.00287244452781471,9.57605480749999e-06,88,"antiinflammatory agents","CMC.BRAIN.RNASEQ",0.000313615794945625,0.00108340001890307
"A07E",1130.99998810833,-0.0103485425040119,0.00278278636693568,0.000177524359514474,32,"intestinal antiinflammatory agents","CMC.BRAIN.RNASEQ",0.00465113821927922,0.0107770275812567
"C05A",701.499986259692,-0.00419504694645532,0.00279763022098024,0.000608201308671423,64,"agents for treatment of hemorrhoids and anal fissures for topical use","CMC.BRAIN.RNASEQ",0.0110131159457381,0.0285625105147768
"L01D",688.500039396931,-0.00745446910138554,0.00285548426932011,0.000663230069622439,67,"cytotoxic antibiotics and related substances","CMC.BRAIN.RNASEQ",0.0110131159457381,0.0298927432812892
"H02A",615.49997412503,-0.00419504694645532,0.00283122404173148,0.000672556698976373,86,"corticosteroids for systemic use, plain","CMC.BRAIN.RNASEQ",0.0110131159457381,0.0298927432812892
"D07X",669.500047814072,-0.00438507848842833,0.00279763022098024,0.00108147989637218,63,"corticosteroids, other combinations","CMC.BRAIN.RNASEQ",0.0157415407138617,0.0427270390804818
"L01X",475.499969267127,-0.0287594385401412,-0.011663614416575,1.66007564570523e-13,864,"other antineoplastic agents","kcl_brainbank_motor_cortex",2.17469909587385e-11,2.06596414108016e-10
"L01E",563.500035317607,-0.0344907524038178,-0.0128946890917698,4.28134127734102e-11,451,"protein kinase inhibitors","kcl_brainbank_motor_cortex",2.80427853665837e-09,2.40337458464697e-08
"C10A",843.999933939906,-0.0587248293967957,-0.0141479473761064,7.23061378817533e-07,102,"lipid modifying agents, plain","kcl_brainbank_motor_cortex",3.15736802083656e-05,0.000132861349471704
"P02D",2223.50006142475,-0.0819722822801273,-0.0144482975403365,9.08146851028474e-06,11,"anticestodals","kcl_brainbank_motor_cortex",0.000297418093711825,0.00107637024390946
"L01C",680.999903434665,-0.0362898665024301,-0.0137738769332441,2.11535831832806e-05,113,"plant alkaloids and other natural products","kcl_brainbank_motor_cortex",0.000554223879401952,0.0020136805498203
"D08A",1288.00006992422,-0.0708738285643661,-0.0144264757034955,3.63073022806057e-05,29,"antiseptics and disinfectants","kcl_brainbank_motor_cortex",0.000792709433126558,0.00291512501214283
"G01A",681.500032748932,-0.0370118706261807,-0.0141830005143808,0.00015422266863812,88,"antiinfectives and antiseptics, excl. combinations with corticosteroids","kcl_brainbank_motor_cortex",0.00288616708451339,0.00959650555600702
"A07A",1280.0000440157,-0.0523196710658299,-0.0144482975403365,0.00117562777887983,18,"intestinal antiinfectives","kcl_brainbank_motor_cortex",0.0192509048791572,0.0451179445580205
"L01D",1323.50001985698,-0.0192019897071834,0.000919307737418109,2.66323212504988e-10,67,"cytotoxic antibiotics and related substances","NTR.BLOOD.RNAARR",3.48883408381534e-08,9.46969251321307e-08
"C10A",822.000016372029,-0.0141957326747757,0.000855426099764738,2.08449865788177e-06,102,"lipid modifying agents, plain","NTR.BLOOD.RNAARR",0.000136534662091256,0.000288239842192651
"L04A",629.000062871403,-0.00139898494640409,0.00283292274646406,1.70907332313966e-05,134,"immunosuppressants","psychencode",0.00223888605331295,0.00177245145887276
"S01X",1070.00001426276,-0.00430701605949473,0.00277845210656319,0.000225509499451649,34,"other ophthalmologicals","psychencode",0.014770872214083,0.0130533289333757
"L01D",1510.50005706993,-0.0124307119260573,0.00156261098528534,5.00851253663818e-13,67,"cytotoxic antibiotics and related substances","Whole_Blood",6.56115142299602e-11,4.15539590123081e-10
"C01A",2189.99996127141,-0.0157351652209787,0.00150502030579066,1.50168217553064e-08,19,"cardiac glycosides","Whole_Blood",9.83601824972569e-07,4.15298548321751e-06
"L01C",795.000056410725,-0.0062261274278012,0.00156261098528534,1.0333845608594e-06,113,"plant alkaloids and other natural products","Whole_Blood",4.51244591575271e-05,0.000171472944798603
"N06B",1702.99995194187,-0.0169847045071649,0.00149501223960123,2.26528970480104e-05,17,"psychostimulants, agents used for adhd and nootropics","Whole_Blood",0.000741882378322341,0.00201368074116064
"H02A",724.999989453807,-0.00317163419347934,0.00151486624369997,6.606514617057e-05,86,"corticosteroids for systemic use, plain","Whole_Blood",0.00173090682966893,0.0047032794423059
"P02C",776.000057932229,-0.00468259225068994,0.00150502030579066,0.000260299772697735,60,"antinematodal agents","Whole_Blood",0.00568321170390055,0.0147246848691969
"A10B",1032.49998718122,-0.00741421824511313,0.00576102591484498,3.95818799584895e-07,72,"blood glucose lowering drugs, excl. insulins","YFS.BLOOD.RNAARR",5.18522627456212e-05,8.20994160139003e-05
"G03C",1083.5000165028,-0.00838558039078387,0.00581221051722627,4.76089622257492e-06,54,"estrogens","YFS.BLOOD.RNAARR",0.000311838702578657,0.000592493534899449
"R03B",807.99992635813,-0.00456428836342272,0.00574875389423632,0.000847487084580958,45,"other drugs for obstructive airway diseases, inhalants","YFS.BLOOD.RNAARR",0.0370069360267018,0.0340225057019678
