"Tissue","ALL_Count","ALL_Link","EUR_Count","EUR_Link","weight_id"
"Adipose - Subcutaneous",581,"https://s3.us-west-1.amazonaws.com/gtex.v8.fusion/ALL/GTExv8.ALL.Adipose_Subcutaneous.tar.gz",479,"https://s3.us-west-1.amazonaws.com/gtex.v8.fusion/EUR/GTExv8.EUR.Adipose_Subcutaneous.tar.gz","Adipose_Subcutaneous"
"Adipose - Visceral (Omentum)",469,"https://s3.us-west-1.amazonaws.com/gtex.v8.fusion/ALL/GTExv8.ALL.Adipose_Visceral_Omentum.tar.gz",393,"https://s3.us-west-1.amazonaws.com/gtex.v8.fusion/EUR/GTExv8.EUR.Adipose_Visceral_Omentum.tar.gz","Adipose_Visceral_Omentum"
"Adrenal Gland",233,"https://s3.us-west-1.amazonaws.com/gtex.v8.fusion/ALL/GTExv8.ALL.Adrenal_Gland.tar.gz",194,"https://s3.us-west-1.amazonaws.com/gtex.v8.fusion/EUR/GTExv8.EUR.Adrenal_Gland.tar.gz","Adrenal_Gland"
"Artery - Aorta",387,"https://s3.us-west-1.amazonaws.com/gtex.v8.fusion/ALL/GTExv8.ALL.Artery_Aorta.tar.gz",329,"https://s3.us-west-1.amazonaws.com/gtex.v8.fusion/EUR/GTExv8.EUR.Artery_Aorta.tar.gz","Artery_Aorta"
"Artery - Coronary",213,"https://s3.us-west-1.amazonaws.com/gtex.v8.fusion/ALL/GTExv8.ALL.Artery_Coronary.tar.gz",175,"https://s3.us-west-1.amazonaws.com/gtex.v8.fusion/EUR/GTExv8.EUR.Artery_Coronary.tar.gz","Artery_Coronary"
"Artery - Tibial",584,"https://s3.us-west-1.amazonaws.com/gtex.v8.fusion/ALL/GTExv8.ALL.Artery_Tibial.tar.gz",476,"https://s3.us-west-1.amazonaws.com/gtex.v8.fusion/EUR/GTExv8.EUR.Artery_Tibial.tar.gz","Artery_Tibial"
"Brain - Amygdala",129,"https://s3.us-west-1.amazonaws.com/gtex.v8.fusion/ALL/GTExv8.ALL.Brain_Amygdala.tar.gz",119,"https://s3.us-west-1.amazonaws.com/gtex.v8.fusion/EUR/GTExv8.EUR.Brain_Amygdala.tar.gz","Brain_Amygdala"
"Brain - Anterior cingulate cortex (BA24)",147,"https://s3.us-west-1.amazonaws.com/gtex.v8.fusion/ALL/GTExv8.ALL.Brain_Anterior_cingulate_cortex_BA24.tar.gz",135,"https://s3.us-west-1.amazonaws.com/gtex.v8.fusion/EUR/GTExv8.EUR.Brain_Anterior_cingulate_cortex_BA24.tar.gz","Brain_Anterior_cingulate_cortex_BA24"
"Brain - Caudate (basal ganglia)",194,"https://s3.us-west-1.amazonaws.com/gtex.v8.fusion/ALL/GTExv8.ALL.Brain_Caudate_basal_ganglia.tar.gz",172,"https://s3.us-west-1.amazonaws.com/gtex.v8.fusion/EUR/GTExv8.EUR.Brain_Caudate_basal_ganglia.tar.gz","Brain_Caudate_basal_ganglia"
"Brain - Cerebellar Hemisphere",175,"https://s3.us-west-1.amazonaws.com/gtex.v8.fusion/ALL/GTExv8.ALL.Brain_Cerebellar_Hemisphere.tar.gz",157,"https://s3.us-west-1.amazonaws.com/gtex.v8.fusion/EUR/GTExv8.EUR.Brain_Cerebellar_Hemisphere.tar.gz","Brain_Cerebellar_Hemisphere"
"Brain - Cerebellum",209,"https://s3.us-west-1.amazonaws.com/gtex.v8.fusion/ALL/GTExv8.ALL.Brain_Cerebellum.tar.gz",188,"https://s3.us-west-1.amazonaws.com/gtex.v8.fusion/EUR/GTExv8.EUR.Brain_Cerebellum.tar.gz","Brain_Cerebellum"
"Brain - Cortex",205,"https://s3.us-west-1.amazonaws.com/gtex.v8.fusion/ALL/GTExv8.ALL.Brain_Cortex.tar.gz",183,"https://s3.us-west-1.amazonaws.com/gtex.v8.fusion/EUR/GTExv8.EUR.Brain_Cortex.tar.gz","Brain_Cortex"
"Brain - Frontal Cortex (BA9)",175,"https://s3.us-west-1.amazonaws.com/gtex.v8.fusion/ALL/GTExv8.ALL.Brain_Frontal_Cortex_BA9.tar.gz",157,"https://s3.us-west-1.amazonaws.com/gtex.v8.fusion/EUR/GTExv8.EUR.Brain_Frontal_Cortex_BA9.tar.gz","Brain_Frontal_Cortex_BA9"
"Brain - Hippocampus",165,"https://s3.us-west-1.amazonaws.com/gtex.v8.fusion/ALL/GTExv8.ALL.Brain_Hippocampus.tar.gz",150,"https://s3.us-west-1.amazonaws.com/gtex.v8.fusion/EUR/GTExv8.EUR.Brain_Hippocampus.tar.gz","Brain_Hippocampus"
"Brain - Hypothalamus",170,"https://s3.us-west-1.amazonaws.com/gtex.v8.fusion/ALL/GTExv8.ALL.Brain_Hypothalamus.tar.gz",156,"https://s3.us-west-1.amazonaws.com/gtex.v8.fusion/EUR/GTExv8.EUR.Brain_Hypothalamus.tar.gz","Brain_Hypothalamus"
"Brain - Nucleus accumbens (basal ganglia)",202,"https://s3.us-west-1.amazonaws.com/gtex.v8.fusion/ALL/GTExv8.ALL.Brain_Nucleus_accumbens_basal_ganglia.tar.gz",181,"https://s3.us-west-1.amazonaws.com/gtex.v8.fusion/EUR/GTExv8.EUR.Brain_Nucleus_accumbens_basal_ganglia.tar.gz","Brain_Nucleus_accumbens_basal_ganglia"
"Brain - Putamen (basal ganglia)",170,"https://s3.us-west-1.amazonaws.com/gtex.v8.fusion/ALL/GTExv8.ALL.Brain_Putamen_basal_ganglia.tar.gz",153,"https://s3.us-west-1.amazonaws.com/gtex.v8.fusion/EUR/GTExv8.EUR.Brain_Putamen_basal_ganglia.tar.gz","Brain_Putamen_basal_ganglia"
"Brain - Spinal cord (cervical c-1)",126,"https://s3.us-west-1.amazonaws.com/gtex.v8.fusion/ALL/GTExv8.ALL.Brain_Spinal_cord_cervical_c-1.tar.gz",115,"https://s3.us-west-1.amazonaws.com/gtex.v8.fusion/EUR/GTExv8.EUR.Brain_Spinal_cord_cervical_c-1.tar.gz","Brain_Spinal_cord_cervical_c-1"
"Brain - Substantia nigra",114,"https://s3.us-west-1.amazonaws.com/gtex.v8.fusion/ALL/GTExv8.ALL.Brain_Substantia_nigra.tar.gz",100,"https://s3.us-west-1.amazonaws.com/gtex.v8.fusion/EUR/GTExv8.EUR.Brain_Substantia_nigra.tar.gz","Brain_Substantia_nigra"
"Breast - Mammary Tissue",396,"https://s3.us-west-1.amazonaws.com/gtex.v8.fusion/ALL/GTExv8.ALL.Breast_Mammary_Tissue.tar.gz",329,"https://s3.us-west-1.amazonaws.com/gtex.v8.fusion/EUR/GTExv8.EUR.Breast_Mammary_Tissue.tar.gz","Breast_Mammary_Tissue"
"Skin - Transformed fibroblasts",483,"https://s3.us-west-1.amazonaws.com/gtex.v8.fusion/ALL/GTExv8.ALL.Cells_Cultured_fibroblasts.tar.gz",403,"https://s3.us-west-1.amazonaws.com/gtex.v8.fusion/EUR/GTExv8.EUR.Cells_Cultured_fibroblasts.tar.gz","Cells_Cultured_fibroblasts"
"Blood - EBV-transformed lymphocytes",147,"https://s3.us-west-1.amazonaws.com/gtex.v8.fusion/ALL/GTExv8.ALL.Cells_EBV-transformed_lymphocytes.tar.gz",113,"https://s3.us-west-1.amazonaws.com/gtex.v8.fusion/EUR/GTExv8.EUR.Cells_EBV-transformed_lymphocytes.tar.gz","Cells_EBV-transformed_lymphocytes"
"Colon - Sigmoid",318,"https://s3.us-west-1.amazonaws.com/gtex.v8.fusion/ALL/GTExv8.ALL.Colon_Sigmoid.tar.gz",266,"https://s3.us-west-1.amazonaws.com/gtex.v8.fusion/EUR/GTExv8.EUR.Colon_Sigmoid.tar.gz","Colon_Sigmoid"
"Colon - Transverse",368,"https://s3.us-west-1.amazonaws.com/gtex.v8.fusion/ALL/GTExv8.ALL.Colon_Transverse.tar.gz",294,"https://s3.us-west-1.amazonaws.com/gtex.v8.fusion/EUR/GTExv8.EUR.Colon_Transverse.tar.gz","Colon_Transverse"
"Esophagus - Gastroesophageal Junction",330,"https://s3.us-west-1.amazonaws.com/gtex.v8.fusion/ALL/GTExv8.ALL.Esophagus_Gastroesophageal_Junction.tar.gz",275,"https://s3.us-west-1.amazonaws.com/gtex.v8.fusion/EUR/GTExv8.EUR.Esophagus_Gastroesophageal_Junction.tar.gz","Esophagus_Gastroesophageal_Junction"
"Esophagus - Mucosa",497,"https://s3.us-west-1.amazonaws.com/gtex.v8.fusion/ALL/GTExv8.ALL.Esophagus_Mucosa.tar.gz",411,"https://s3.us-west-1.amazonaws.com/gtex.v8.fusion/EUR/GTExv8.EUR.Esophagus_Mucosa.tar.gz","Esophagus_Mucosa"
"Esophagus - Muscularis",465,"https://s3.us-west-1.amazonaws.com/gtex.v8.fusion/ALL/GTExv8.ALL.Esophagus_Muscularis.tar.gz",385,"https://s3.us-west-1.amazonaws.com/gtex.v8.fusion/EUR/GTExv8.EUR.Esophagus_Muscularis.tar.gz","Esophagus_Muscularis"
"Heart - Atrial Appendage",372,"https://s3.us-west-1.amazonaws.com/gtex.v8.fusion/ALL/GTExv8.ALL.Heart_Atrial_Appendage.tar.gz",316,"https://s3.us-west-1.amazonaws.com/gtex.v8.fusion/EUR/GTExv8.EUR.Heart_Atrial_Appendage.tar.gz","Heart_Atrial_Appendage"
"Heart - Left Ventricle",386,"https://s3.us-west-1.amazonaws.com/gtex.v8.fusion/ALL/GTExv8.ALL.Heart_Left_Ventricle.tar.gz",327,"https://s3.us-west-1.amazonaws.com/gtex.v8.fusion/EUR/GTExv8.EUR.Heart_Left_Ventricle.tar.gz","Heart_Left_Ventricle"
"Kidney - Cortex",73,"https://s3.us-west-1.amazonaws.com/gtex.v8.fusion/ALL/GTExv8.ALL.Kidney_Cortex.tar.gz",65,"https://s3.us-west-1.amazonaws.com/gtex.v8.fusion/EUR/GTExv8.EUR.Kidney_Cortex.tar.gz","Kidney_Cortex"
"Liver",208,"https://s3.us-west-1.amazonaws.com/gtex.v8.fusion/ALL/GTExv8.ALL.Liver.tar.gz",178,"https://s3.us-west-1.amazonaws.com/gtex.v8.fusion/EUR/GTExv8.EUR.Liver.tar.gz","Liver"
"Lung",515,"https://s3.us-west-1.amazonaws.com/gtex.v8.fusion/ALL/GTExv8.ALL.Lung.tar.gz",436,"https://s3.us-west-1.amazonaws.com/gtex.v8.fusion/EUR/GTExv8.EUR.Lung.tar.gz","Lung"
"Minor Salivary Gland",144,"https://s3.us-west-1.amazonaws.com/gtex.v8.fusion/ALL/GTExv8.ALL.Minor_Salivary_Gland.tar.gz",114,"https://s3.us-west-1.amazonaws.com/gtex.v8.fusion/EUR/GTExv8.EUR.Minor_Salivary_Gland.tar.gz","Minor_Salivary_Gland"
"Muscle - Skeletal",706,"https://s3.us-west-1.amazonaws.com/gtex.v8.fusion/ALL/GTExv8.ALL.Muscle_Skeletal.tar.gz",588,"https://s3.us-west-1.amazonaws.com/gtex.v8.fusion/EUR/GTExv8.EUR.Muscle_Skeletal.tar.gz","Muscle_Skeletal"
"Nerve - Tibial",532,"https://s3.us-west-1.amazonaws.com/gtex.v8.fusion/ALL/GTExv8.ALL.Nerve_Tibial.tar.gz",438,"https://s3.us-west-1.amazonaws.com/gtex.v8.fusion/EUR/GTExv8.EUR.Nerve_Tibial.tar.gz","Nerve_Tibial"
"Ovary",167,"https://s3.us-west-1.amazonaws.com/gtex.v8.fusion/ALL/GTExv8.ALL.Ovary.tar.gz",138,"https://s3.us-west-1.amazonaws.com/gtex.v8.fusion/EUR/GTExv8.EUR.Ovary.tar.gz","Ovary"
"Pancreas",305,"https://s3.us-west-1.amazonaws.com/gtex.v8.fusion/ALL/GTExv8.ALL.Pancreas.tar.gz",243,"https://s3.us-west-1.amazonaws.com/gtex.v8.fusion/EUR/GTExv8.EUR.Pancreas.tar.gz","Pancreas"
"Pituitary",237,"https://s3.us-west-1.amazonaws.com/gtex.v8.fusion/ALL/GTExv8.ALL.Pituitary.tar.gz",219,"https://s3.us-west-1.amazonaws.com/gtex.v8.fusion/EUR/GTExv8.EUR.Pituitary.tar.gz","Pituitary"
"Prostate",221,"https://s3.us-west-1.amazonaws.com/gtex.v8.fusion/ALL/GTExv8.ALL.Prostate.tar.gz",181,"https://s3.us-west-1.amazonaws.com/gtex.v8.fusion/EUR/GTExv8.EUR.Prostate.tar.gz","Prostate"
"Skin - Not Sun Exposed (Suprapubic)",517,"https://s3.us-west-1.amazonaws.com/gtex.v8.fusion/ALL/GTExv8.ALL.Skin_Not_Sun_Exposed_Suprapubic.tar.gz",430,"https://s3.us-west-1.amazonaws.com/gtex.v8.fusion/EUR/GTExv8.EUR.Skin_Not_Sun_Exposed_Suprapubic.tar.gz","Skin_Not_Sun_Exposed_Suprapubic"
"Skin - Sun Exposed (Lower leg)",605,"https://s3.us-west-1.amazonaws.com/gtex.v8.fusion/ALL/GTExv8.ALL.Skin_Sun_Exposed_Lower_leg.tar.gz",508,"https://s3.us-west-1.amazonaws.com/gtex.v8.fusion/EUR/GTExv8.EUR.Skin_Sun_Exposed_Lower_leg.tar.gz","Skin_Sun_Exposed_Lower_leg"
"Small Intestine - Terminal Ileum",174,"https://s3.us-west-1.amazonaws.com/gtex.v8.fusion/ALL/GTExv8.ALL.Small_Intestine_Terminal_Ileum.tar.gz",141,"https://s3.us-west-1.amazonaws.com/gtex.v8.fusion/EUR/GTExv8.EUR.Small_Intestine_Terminal_Ileum.tar.gz","Small_Intestine_Terminal_Ileum"
"Spleen",227,"https://s3.us-west-1.amazonaws.com/gtex.v8.fusion/ALL/GTExv8.ALL.Spleen.tar.gz",179,"https://s3.us-west-1.amazonaws.com/gtex.v8.fusion/EUR/GTExv8.EUR.Spleen.tar.gz","Spleen"
"Stomach",324,"https://s3.us-west-1.amazonaws.com/gtex.v8.fusion/ALL/GTExv8.ALL.Stomach.tar.gz",260,"https://s3.us-west-1.amazonaws.com/gtex.v8.fusion/EUR/GTExv8.EUR.Stomach.tar.gz","Stomach"
"Testis",322,"https://s3.us-west-1.amazonaws.com/gtex.v8.fusion/ALL/GTExv8.ALL.Testis.tar.gz",272,"https://s3.us-west-1.amazonaws.com/gtex.v8.fusion/EUR/GTExv8.EUR.Testis.tar.gz","Testis"
"Thyroid",574,"https://s3.us-west-1.amazonaws.com/gtex.v8.fusion/ALL/GTExv8.ALL.Thyroid.tar.gz",482,"https://s3.us-west-1.amazonaws.com/gtex.v8.fusion/EUR/GTExv8.EUR.Thyroid.tar.gz","Thyroid"
"Uterus",129,"https://s3.us-west-1.amazonaws.com/gtex.v8.fusion/ALL/GTExv8.ALL.Uterus.tar.gz",107,"https://s3.us-west-1.amazonaws.com/gtex.v8.fusion/EUR/GTExv8.EUR.Uterus.tar.gz","Uterus"
"Vagina",141,"https://s3.us-west-1.amazonaws.com/gtex.v8.fusion/ALL/GTExv8.ALL.Vagina.tar.gz",120,"https://s3.us-west-1.amazonaws.com/gtex.v8.fusion/EUR/GTExv8.EUR.Vagina.tar.gz","Vagina"
"Whole Blood",670,"https://s3.us-west-1.amazonaws.com/gtex.v8.fusion/ALL/GTExv8.ALL.Whole_Blood.tar.gz",558,"https://s3.us-west-1.amazonaws.com/gtex.v8.fusion/EUR/GTExv8.EUR.Whole_Blood.tar.gz","Whole_Blood"
